brand,item
corner house,corner house
shinji by kanesaka,shinji by kanesaka
tamaya dining,tamaya dining
sky on 57,sky on 57
hokkaido sushi restaurant,hokkaido sushi restaurant
gordon grill,gordon grill
graze,graze
hai tien lo,hai tien lo
la villa,la villa
my humble house,my humble house
ban heng,ban heng
rakuichi japanese restaurant,rakuichi japanese restaurant
bacchanalia,bacchanalia
cut by wolfgang puck,cut by wolfgang puck
the prime society,the prime society
the china club singapore,the china club singapore
rise,rise
bistecca tuscan steakhouse,bistecca tuscan steakhouse
supertree by indochine,supertree by indochine
shelter in the woods,shelter in the woods
shisen hanten,shisen hanten
ember,ember
oso ristorante,oso ristorante
da laura,da laura
bistro du vin,bistro du vin
rang mahal,rang mahal
me@oue,me@oue
shang palace,shang palace
the wine company,the wine company
les bouchons,les bouchons
the line,the line
cafe brio's,cafe brio's
peach garden,peach garden
sushi tei,sushi tei
basilico,basilico
miz japanese restaurant,miz japanese restaurant
axis bar and lounge,axis bar and lounge
trattoria lafiandra,trattoria lafiandra
soup restaurant,soup restaurant
dan ryan's chicago grill,dan ryan's chicago grill
burlamacco ristorante,burlamacco ristorante
mellben legend seafood,mellben legend seafood
table 24,table 24
cafebiz,cafebiz
au petit salut,au petit salut
window on the park,window on the park
la nonna,la nonna
mezza9,mezza9
wan hao chinese restaurant,wan hao chinese restaurant
full of crab,full of crab
trattoria nonna lina,trattoria nonna lina
le carillon de l'angelus,le carillon de l'angelus
yan ting,yan ting
brasserie les saveurs,brasserie les saveurs
jin de lai zhong hua la mian,jin de lai zhong hua la mian
blooie's roadhouse,blooie's roadhouse
amici authentic italian restaurant,amici authentic italian restaurant
ah hoi's kitchen,ah hoi's kitchen
okb,okb
pasta fresca da salvatore,pasta fresca da salvatore
chihuly lounge,chihuly lounge
oasis,oasis
labrezza,labrezza
pasta brava,pasta brava
burger king,burger king
the marmalade pantry,the marmalade pantry
flavours at zhongshan park,flavours at zhongshan park
10 scotts,10 scotts
the white rabbit,the white rabbit
al qasr,al qasr
viva mexico,viva mexico
suanthai,suanthai
master crab,master crab
tony roma's,tony roma's
mouth restaurant,mouth restaurant
rabbit carrot gun,rabbit carrot gun
21 on rajah,21 on rajah
brotzeit,brotzeit
pete's place,pete's place
spizza,spizza
jollibean,jollibean
sun ray cafe,sun ray cafe
bergs gourmet burgers,bergs gourmet burgers
michi japanese restaurant,michi japanese restaurant
dian xiao er,dian xiao er
ah orh seafood restaurant,ah orh seafood restaurant
kampong cafe,kampong cafe
thai smile cafe,thai smile cafe
hombre cantina,hombre cantina
buko nero,buko nero
suki sushi,suki sushi
gourmet plus,gourmet plus
trapizza,trapizza
auntie kim's korean restaurant,auntie kim's korean restaurant
galbiati gourmet deli,galbiati gourmet deli
zaffron kitchen,zaffron kitchen
spruce,spruce
cups n canvas,cups n canvas
the manhattan fish market,the manhattan fish market
ju shin jung,ju shin jung
hong kong street family restaurant,hong kong street family restaurant
the cheesecake cafe,the cheesecake cafe
chatterbox,chatterbox
sakae teppanyaki,sakae teppanyaki
anjappar authentic chenttinaad restuarant,anjappar authentic chenttinaad restuarant
smokey's bbq,smokey's bbq
crystal jade kitchen,crystal jade kitchen
anjappar authentic chettinaad restaurant,anjappar authentic chettinaad restaurant
the soup spoon,the soup spoon
skinny pizza,skinny pizza
botak jones,botak jones
murugan idli shop,murugan idli shop
lee kui (ah hoi) restaurant,lee kui (ah hoi) restaurant
khansama tandoori restaurant,khansama tandoori restaurant
ichiban boshi,ichiban boshi
ice cube cafe,ice cube cafe
pepper lunch,pepper lunch
fatty weng restaurant,fatty weng restaurant
artistry,artistry
pasta mania,pasta mania
seoul garden,seoul garden
islamic restaurant,islamic restaurant
baja fresh mexican grill,baja fresh mexican grill
spicy thai-thai cafe,spicy thai-thai cafe
tony's pizza,tony's pizza
ikea restaurant,ikea restaurant
spize bedok,spize bedok
ya kun kaya toast,ya kun kaya toast
prima tower revolving restaurant,prima tower revolving restaurant
astons specialities,astons specialities
ministry of food (mof),ministry of food (mof)
box n sticks,box n sticks
cedele,cedele
the chicken rice shop,the chicken rice shop
soi thai kitchen,soi thai kitchen
the tiramisu hero,the tiramisu hero
taste of india,taste of india
jing hua restaurant,jing hua restaurant
samy's curry,samy's curry
li bai cantonese restaurant,li bai cantonese restaurant
the banana leaf apolo,the banana leaf apolo
riders cafe,riders cafe
spize river valley,spize river valley
rocky master,rocky master
fu lin tou fu yuen,fu lin tou fu yuen
loy kee chicken rice,loy kee chicken rice
kay lee roast meat joint,kay lee roast meat joint
shinryoku yakitori restaurant,shinryoku yakitori restaurant
kintamani indonesian restaurant,kintamani indonesian restaurant
oasis taiwan porridge,oasis taiwan porridge
la petite cuisine,la petite cuisine
gayatri restaurant,gayatri restaurant
yoshinoya,yoshinoya
jalan kayu prata cafe,jalan kayu prata cafe
sakae sushi,sakae sushi
bliss restaurant,bliss restaurant
ayam penyet ria,ayam penyet ria
song fa bak kut teh,song fa bak kut teh
deli moroccan,deli moroccan
toast box,toast box
malioboro soft bone chicken,malioboro soft bone chicken
